order_id,customer_id,order_date,order_amount
50001,1028,2024-07-25,346.59
50002,1139,2024-10-09,334.29
50003,1326,2024-11-27,90.55
50004,1343,2024-06-14,370.31
50005,1024,2024-09-03,443.02
50006,1115,2024-10-22,360.31
50007,1293,2024-10-31,261.24
50008,1046,2024-10-12,340.58
50009,1390,2024-08-09,488.29
50010,1453,2024-03-27,183.09
50011,1058,2024-07-15,349.98
50012,1043,2024-02-22,314.1
50013,1366,2024-10-06,464.81
50014,1379,2024-06-03,183.36
50015,1465,2024-08-21,314.6
50016,1338,2024-06-16,218.45
50017,1185,2024-05-06,235.02
50018,1110,2024-10-13,178.13
50019,1206,2024-06-03,66.19
50020,1077,2024-03-09,197.58
50021,1416,2024-08-26,326.14
50022,1352,2024-09-08,482.56
50023,1453,2024-02-24,450.87
50024,1487,2024-04-30,289.94
50025,1227,2024-08-19,76.79
50026,1193,2024-09-24,100.8
50027,1030,2024-11-13,123.97
50028,1363,2024-11-04,353.93
50029,1187,2024-09-12,235.72
50030,1106,2024-07-26,430.13
50031,1460,2024-10-07,150.36
50032,1423,2024-05-20,142.17
50033,1091,2024-12-05,44.24
50034,1099,2024-10-01,67.48
50035,1374,2024-05-22,46.55
50036,1007,2024-05-22,69.03
50037,1416,2024-09-21,223.29
50038,1006,2024-02-18,485.17
50039,1413,2024-06-19,99.2
50040,1063,2024-02-10,455.96
50041,1364,2024-12-10,172.57
50042,1147,2024-05-18,77.2
50043,1314,2024-11-27,228.11
50044,1336,2024-02-06,250.56
50045,1092,2024-02-17,492.5
50046,1379,2024-07-28,475.86
50047,1020,2024-07-18,284.54
50048,1345,2024-07-09,48.15
50049,1078,2024-10-29,133.44
50050,1301,2024-06-08,143.32
50051,1003,2024-12-07,334.74
50052,1305,2024-07-27,324.31
50053,1043,2024-03-05,76.8
50054,1032,2024-05-09,290.39
50055,1456,2024-06-02,282.2
50056,1172,2024-07-26,286.55
50057,1010,2024-04-05,391.76
50058,1206,2024-06-14,323.14
50059,1198,2024-11-01,378.95
50060,1069,2024-07-19,348.67
50061,1483,2024-01-28,361.92
50062,1315,2024-05-03,26.88
50063,1316,2024-02-25,192.98
50064,1401,2024-07-02,33.71
50065,1064,2024-06-12,144.71
50066,1379,2024-07-24,30.96
50067,1095,2024-07-24,218.59
50068,1123,2024-08-21,113.16
50069,1063,2024-04-12,320.14
50070,1219,2024-07-11,87.22
50071,1157,2024-06-25,249.01
50072,1140,2024-11-17,169.2
50073,1343,2024-06-25,212.17
50074,1073,2024-02-22,442.92
50075,1029,2024-07-29,354.86
50076,1320,2024-09-28,487.64
50077,1296,2025-01-11,145.18
50078,1337,2024-04-03,127.51
50079,1288,2024-05-06,452.5
50080,1394,2024-07-23,370.75
50081,1249,2025-01-23,192.26
50082,1027,2024-12-07,28.85
50083,1103,2024-06-25,48.24
50084,1117,2024-05-24,176.06
50085,1215,2024-11-08,69.98
50086,1105,2024-05-02,463.76
50087,1228,2025-01-16,396.22
50088,1108,2024-10-02,462.68
50089,1340,2024-09-19,36.06
50090,1253,2025-01-25,144.36
50091,1294,2024-06-08,218.32
50092,1438,2024-05-10,141.27
50093,1363,2025-01-10,380.97
50094,1141,2024-05-01,109.48
50095,1436,2024-05-02,415.41
50096,1184,2024-09-17,262.57
50097,1404,2024-07-04,252.59
50098,1186,2024-10-26,96.24
50099,1213,2024-04-28,240.96
50100,1363,2025-01-13,218.79
50101,1381,2024-09-22,239.16
50102,1254,2024-11-14,483.8
50103,1294,2024-05-30,147.76
50104,1198,2024-12-31,39.05
50105,1444,2024-04-18,420.8
50106,1218,2024-08-11,494.61
50107,1094,2024-12-05,476.46
50108,1161,2024-03-27,459.28
50109,1419,2024-09-03,120.58
50110,1364,2024-11-28,277.65
50111,1431,2024-05-02,93.53
50112,1144,2024-09-04,275.94
50113,1048,2024-09-27,468.8
50114,1178,2024-03-23,124.56
50115,1348,2024-10-14,329.38
50116,1057,2024-05-15,104.89
50117,1183,2024-08-28,281.17
50118,1413,2024-06-07,471.27
50119,1320,2024-07-28,459.96
50120,1185,2024-03-02,60.98
50121,1206,2024-05-27,75.04
50122,1463,2024-10-01,301.47
50123,1086,2024-03-08,414.85
50124,1250,2024-06-12,477.4
50125,1100,2024-07-30,384.28
50126,1001,2024-11-28,472.05
50127,1299,2024-08-02,215.3
50128,1467,2025-01-12,367.64
50129,1292,2024-02-29,345.81
50130,1110,2024-08-09,300.38
50131,1382,2024-07-07,362.37
50132,1310,2024-07-04,214.55
50133,1358,2024-06-03,147.98
50134,1064,2024-06-07,121.08
50135,1337,2024-04-11,217.58
50136,1140,2024-12-03,215.42
50137,1173,2024-03-28,351.43
50138,1068,2024-09-10,306.54
50139,1291,2024-05-26,191.04
50140,1135,2024-07-05,447.51
50141,1163,2024-05-27,159.1
50142,1057,2024-04-15,41.69
50143,1333,2024-03-08,301.77
50144,1136,2024-06-24,148.04
50145,1350,2024-05-28,157.05
50146,1457,2024-06-29,445.94
50147,1184,2024-09-18,154.98
50148,1250,2024-05-12,311.47
50149,1464,2024-09-12,249.24
50150,1077,2024-04-16,491.42
50151,1312,2024-06-19,71.43
50152,1190,2024-07-06,70.16
50153,1017,2024-07-24,141.76
50154,1143,2024-04-16,101.17
50155,1416,2024-07-16,104.79
50156,1323,2024-05-22,469.46
50157,1129,2024-02-17,265.13
50158,1273,2024-06-22,38.22
50159,1221,2024-07-16,118.11
50160,1053,2024-03-25,128.43
50161,1387,2024-05-23,185.06
50162,1181,2024-09-16,173.83
50163,1302,2024-07-16,469.52
50164,1111,2024-07-21,349.25
50165,1001,2024-11-28,125.87
50166,1394,2024-08-02,322.06
50167,1325,2024-07-07,468.46
50168,1017,2024-07-24,273.62
50169,1129,2024-02-07,40.09
50170,1455,2024-12-03,83.01
50171,1474,2024-05-22,249.93
50172,1260,2024-06-22,380.92
50173,1441,2024-08-06,354.82
50174,1299,2024-05-29,239.72
50175,1497,2024-05-07,397.62
50176,1300,2024-08-01,459.79
50177,1474,2024-05-11,215.33
50178,1267,2024-11-04,424.26
50179,1176,2024-06-27,76.61
50180,1125,2024-12-04,339.96
50181,1252,2024-05-28,394.69
50182,1354,2024-03-17,195.66
50183,1472,2024-02-21,293.09
50184,1469,2024-04-02,89.12
50185,1350,2024-07-10,455.93
50186,1479,2024-11-05,173.98
50187,1185,2024-05-23,236.06
50188,1306,2024-06-14,187.14
50189,1333,2024-02-06,311.16
50190,1437,2024-11-26,204.01
50191,1458,2024-02-12,353.94
50192,1452,2024-03-13,331.76
50193,1305,2024-08-11,155.67
50194,1223,2024-10-25,167.38
50195,1082,2024-08-23,181.35
50196,1407,2024-05-08,486.08
50197,1113,2024-06-30,136.52
50198,1302,2024-07-18,208.96
50199,1059,2024-05-02,291.45
50200,1465,2024-07-09,290.46
50201,1076,2024-06-07,121.02
50202,1191,2024-08-14,197.91
50203,1320,2024-10-29,87.1
50204,1081,2024-08-10,122.27
50205,1007,2024-05-16,268.13
50206,1231,2024-02-09,154.7
50207,1010,2024-05-03,149.69
50208,1350,2024-05-28,452.36
50209,1103,2024-07-27,114.3
50210,1029,2024-10-24,488.85
50211,1248,2024-05-22,82.85
50212,1374,2024-05-04,227.27
50213,1182,2024-07-17,406.8
50214,1032,2024-04-25,180.41
50215,1402,2024-08-18,88.77
50216,1091,2024-12-04,442.96
50217,1085,2024-08-04,366.66
50218,1340,2024-09-19,81.12
50219,1165,2024-03-31,159.86
50220,1483,2024-03-14,407.39
50221,1168,2024-09-08,220.71
50222,1301,2024-08-20,144.59
50223,1089,2024-01-31,481.83
50224,1304,2024-07-27,274.79
50225,1346,2024-09-12,25.75
50226,1464,2024-11-28,264.11
50227,1043,2024-04-10,129.48
50228,1254,2024-11-16,88.79
50229,1024,2024-09-03,285.26
50230,1375,2024-10-10,376.84
50231,1419,2024-07-09,220.37
50232,1190,2024-06-04,193.38
50233,1434,2024-10-20,459.81
50234,1373,2024-04-24,328.19
50235,1500,2024-07-03,381.47
50236,1233,2024-03-27,212.83
50237,1102,2024-12-19,271.18
50238,1159,2024-11-10,280.31
50239,1051,2024-04-21,361.68
50240,1079,2024-03-17,213.34
50241,1287,2024-05-14,308.88
50242,1344,2024-07-25,496.91
50243,1063,2024-01-07,428.01
50244,1093,2024-11-25,439.29
50245,1140,2024-11-26,37.54
50246,1029,2024-07-27,223.58
50247,1485,2024-06-29,395.33
50248,1070,2024-07-20,81.18
50249,1067,2024-05-26,226.39
50250,1163,2024-08-24,440.13
50251,1380,2024-03-25,223.26
50252,1005,2024-09-02,387.05
50253,1285,2024-06-18,419.61
50254,1130,2024-09-08,371.3
50255,1425,2024-05-02,257.83
50256,1028,2024-07-21,444.65
50257,1150,2024-04-17,365.44
50258,1181,2024-08-19,262.45
50259,1202,2024-09-08,324.17
50260,1161,2024-05-27,270.95
50261,1046,2024-11-08,300.13
50262,1310,2024-07-04,100.0
50263,1064,2024-05-28,223.0
50264,1367,2024-08-01,76.3
50265,1241,2024-10-01,174.27
50266,1022,2024-09-05,76.54
50267,1422,2024-09-18,89.37
50268,1430,2024-06-10,43.0
50269,1267,2024-12-08,134.53
50270,1498,2024-05-05,434.64
50271,1072,2024-09-05,168.93
50272,1102,2024-10-29,127.42
50273,1305,2024-06-22,250.6
50274,1252,2024-04-21,355.83
50275,1196,2025-01-10,475.81
50276,1360,2024-04-20,60.46
50277,1258,2024-02-22,459.53
50278,1013,2024-12-27,97.19
50279,1313,2024-11-11,220.45
50280,1490,2024-12-21,421.21
50281,1450,2024-10-18,42.41
50282,1182,2024-07-20,64.23
50283,1012,2024-02-02,180.94
50284,1286,2024-03-02,426.48
50285,1113,2024-06-21,21.44
50286,1049,2024-12-29,253.76
50287,1403,2024-08-19,496.45
50288,1311,2024-10-18,356.76
50289,1379,2024-06-11,72.91
50290,1361,2024-05-16,49.89
50291,1313,2024-08-25,406.06
50292,1258,2024-03-09,342.17
50293,1148,2024-05-28,291.82
50294,1199,2024-06-27,166.36
50295,1017,2024-05-21,404.96
50296,1253,2025-01-11,334.63
50297,1003,2024-11-26,469.46
50298,1213,2024-05-05,68.58
50299,1451,2024-09-07,185.22
50300,1481,2024-11-01,183.21
50301,1138,2024-08-28,163.17
50302,1035,2024-04-16,175.46
50303,1378,2024-10-07,454.71
50304,1119,2024-09-30,66.85
50305,1029,2024-09-07,80.75
50306,1489,2024-10-14,311.69
50307,1175,2024-04-21,282.83
50308,1223,2024-10-22,286.61
50309,1429,2024-03-28,182.41
50310,1035,2024-04-25,52.21
50311,1233,2024-03-03,408.13
50312,1332,2024-09-29,158.53
50313,1337,2024-03-28,60.22
50314,1063,2024-04-12,215.94
50315,1197,2024-08-30,487.76
50316,1463,2024-10-02,275.16
50317,1208,2024-06-22,175.49
50318,1360,2024-05-12,248.55
50319,1238,2024-02-13,271.01
50320,1366,2024-11-11,432.27
50321,1497,2024-06-06,317.86
50322,1009,2024-09-25,205.06
50323,1380,2024-03-22,53.12
50324,1056,2024-09-12,232.77
50325,1350,2024-05-21,277.18
50326,1035,2024-02-24,131.79
50327,1178,2024-05-07,144.65
50328,1104,2024-05-28,460.68
50329,1251,2024-09-12,420.53
50330,1419,2024-07-22,478.92
50331,1073,2024-02-12,76.35
50332,1280,2024-05-10,432.62
50333,1364,2024-12-20,364.37
50334,1016,2024-09-23,122.44
50335,1455,2024-10-04,362.32
50336,1476,2024-08-05,408.33
50337,1216,2024-03-21,191.75
50338,1458,2024-03-15,296.8
50339,1381,2024-11-25,290.82
50340,1302,2024-05-13,281.0
50341,1226,2024-05-24,261.72
50342,1468,2024-08-12,188.86
50343,1182,2024-07-19,168.35
50344,1066,2024-09-07,114.63
50345,1480,2024-04-20,473.04
50346,1061,2024-09-23,490.11
50347,1005,2024-10-10,376.51
50348,1263,2024-12-14,199.58
50349,1133,2024-06-16,27.2
50350,1057,2024-02-25,119.96
50351,1209,2024-12-05,253.2
50352,1070,2024-07-04,433.11
50353,1147,2024-06-29,119.76
50354,1121,2024-10-02,475.61
50355,1314,2024-12-23,477.76
50356,1255,2024-04-17,113.69
50357,1029,2024-10-24,454.86
50358,1358,2024-06-01,418.32
50359,1396,2024-11-09,178.45
50360,1368,2024-11-08,147.75
50361,1269,2024-08-31,293.9
50362,1168,2024-09-26,201.27
50363,1153,2024-09-19,272.52
50364,1119,2024-09-15,478.23
50365,1262,2024-05-24,314.31
50366,1208,2024-06-15,320.64
50367,1268,2024-12-21,174.54
50368,1189,2024-04-20,360.53
50369,1014,2024-10-07,422.66
50370,1134,2024-01-13,397.06
50371,1371,2024-05-04,290.43
50372,1476,2024-08-04,200.2
50373,1319,2024-07-02,420.03
50374,1307,2024-02-10,93.0
50375,1017,2024-05-30,392.95
50376,1189,2024-03-11,200.69
50377,1307,2024-01-18,493.73
50378,1367,2024-07-28,354.33
50379,1495,2024-02-01,438.81
50380,1020,2024-04-27,122.62
50381,1478,2024-07-16,217.05
50382,1143,2024-05-05,313.8
50383,1036,2024-09-12,299.23
50384,1446,2024-11-06,462.67
50385,1474,2024-08-06,491.52
50386,1006,2024-02-07,263.75
50387,1265,2024-12-10,39.45
50388,1101,2024-04-29,68.13
50389,1293,2024-11-15,445.07
50390,1300,2024-07-12,265.99
50391,1417,2024-11-05,294.71
50392,1138,2024-10-18,158.05
50393,1040,2024-03-26,358.46
50394,1162,2024-09-09,326.49
50395,1473,2024-10-31,354.18
50396,1167,2024-11-25,344.91
50397,1447,2024-06-25,59.79
50398,1444,2024-04-27,372.21
50399,1451,2024-08-09,41.22
50400,1114,2024-06-29,487.32
50401,1210,2024-08-18,275.44
50402,1493,2024-08-01,395.95
50403,1134,2024-01-25,330.88
50404,1286,2024-02-18,30.88
50405,1115,2024-12-27,68.79
50406,1034,2024-04-28,40.78
50407,1404,2024-07-06,473.06
50408,1494,2024-08-12,486.8
50409,1476,2024-07-11,50.43
50410,1135,2024-08-18,442.43
50411,1237,2024-08-23,400.71
50412,1102,2024-11-26,289.55
50413,1391,2024-07-19,255.34
50414,1198,2024-10-23,490.28
50415,1387,2024-03-31,117.93
50416,1090,2024-10-02,340.68
50417,1194,2024-03-03,23.89
50418,1168,2024-11-04,467.69
50419,1154,2024-08-10,494.95
50420,1185,2024-05-18,270.38
50421,1254,2024-11-19,126.48
50422,1158,2024-04-02,454.96
50423,1435,2024-06-03,26.45
50424,1155,2024-12-12,330.64
50425,1149,2024-10-19,297.42
50426,1160,2024-03-08,430.11
50427,1025,2024-08-19,391.3
50428,1094,2024-12-25,399.81
50429,1382,2024-06-14,386.1
50430,1317,2024-11-17,153.22
50431,1453,2024-02-28,490.32
50432,1224,2024-07-25,198.17
50433,1053,2024-04-24,480.8
50434,1018,2024-09-09,43.87
50435,1448,2024-08-23,108.02
50436,1349,2024-05-24,198.99
50437,1310,2024-06-29,115.55
50438,1054,2024-05-29,182.68
50439,1255,2024-05-06,157.62
50440,1079,2024-01-16,81.09
50441,1471,2024-03-18,215.75
50442,1472,2024-03-11,200.58
50443,1228,2025-01-17,44.59
50444,1279,2024-07-21,242.63
50445,1257,2024-12-27,189.93
50446,1082,2024-09-22,25.98
50447,1016,2024-11-13,285.5
50448,1087,2024-08-01,438.89
50449,1483,2024-01-18,304.18
50450,1261,2024-04-23,260.92
50451,1409,2024-10-12,359.16
50452,1153,2024-11-29,369.21
50453,1090,2024-12-25,490.69
50454,1267,2024-12-31,167.94
50455,1382,2024-05-17,196.5
50456,1155,2024-10-07,290.84
50457,1359,2024-11-06,64.25
50458,1213,2024-07-03,225.56
50459,1034,2024-04-06,34.04
50460,1068,2024-07-26,429.87
50461,1365,2025-02-04,48.27
50462,1441,2024-08-18,54.96
50463,1098,2024-08-13,157.8
50464,1309,2024-08-28,244.38
50465,1139,2024-10-24,368.1
50466,1459,2024-07-30,495.16
50467,1256,2024-06-28,461.75
50468,1281,2024-02-02,227.72
50469,1047,2024-03-05,497.2
50470,1382,2024-07-07,69.93
50471,1006,2024-04-03,224.94
50472,1294,2024-07-09,151.3
50473,1210,2024-08-03,175.23
50474,1209,2024-11-23,496.91
50475,1073,2024-03-01,100.33
50476,1047,2024-04-05,241.21
50477,1358,2024-04-20,133.52
50478,1229,2024-07-18,245.74
50479,1173,2024-02-13,338.47
50480,1161,2024-04-14,490.44
50481,1272,2024-09-25,176.14
50482,1204,2024-04-21,49.53
50483,1153,2024-09-14,54.76
50484,1424,2024-06-07,365.55
50485,1485,2024-08-30,426.17
50486,1339,2024-03-19,233.97
50487,1074,2024-04-04,370.31
50488,1085,2024-06-21,46.76
50489,1061,2024-11-06,206.65
50490,1062,2024-02-12,427.31
50491,1223,2024-10-10,134.12
50492,1289,2024-09-06,105.95
50493,1183,2024-09-29,225.15
50494,1478,2024-09-22,38.69
50495,1138,2024-09-05,248.91
50496,1117,2024-05-17,142.55
50497,1240,2024-10-03,313.78
50498,1294,2024-08-01,400.67
50499,1337,2024-01-14,484.83
50500,1214,2024-02-08,379.9
50501,1125,2024-10-08,279.98
50502,1141,2024-04-19,150.99
50503,1083,2024-04-25,126.91
50504,1441,2024-09-16,278.94
50505,1347,2024-02-07,451.86
50506,1474,2024-06-02,472.24
50507,1042,2024-05-21,75.23
50508,1450,2024-10-28,105.93
50509,1252,2024-06-08,309.79
50510,1398,2024-04-11,108.75
50511,1306,2024-05-02,388.51
50512,1174,2024-10-08,357.36
50513,1075,2024-10-07,120.86
50514,1441,2024-07-20,246.88
50515,1192,2024-04-05,29.46
50516,1429,2024-05-19,220.43
50517,1439,2024-04-12,99.52
50518,1393,2024-10-28,405.32
50519,1148,2024-04-29,44.43
50520,1276,2024-07-01,497.88
50521,1351,2024-03-24,252.56
50522,1107,2024-01-15,308.76
50523,1311,2024-09-25,99.34
50524,1378,2024-12-02,193.21
50525,1392,2024-05-09,404.53
50526,1247,2024-03-28,267.31
50527,1098,2024-06-10,452.15
50528,1403,2024-10-27,418.79
50529,1208,2024-04-18,207.81
50530,1335,2024-07-04,70.91
50531,1429,2024-04-14,295.68
50532,1059,2024-06-12,32.77
50533,1118,2024-11-06,315.61
50534,1246,2024-02-01,375.77
50535,1156,2024-10-24,238.99
50536,1252,2024-06-04,38.91
50537,1219,2024-07-09,451.52
50538,1208,2024-04-01,483.25
50539,1497,2024-06-18,489.12
50540,1033,2025-01-12,48.34
50541,1322,2024-07-16,81.9
50542,1415,2024-09-20,287.26
50543,1266,2024-05-15,255.99
50544,1359,2024-12-08,58.07
50545,1139,2024-12-16,59.09
50546,1241,2024-12-25,384.73
50547,1045,2024-07-19,23.02
50548,1281,2024-01-16,426.12
50549,1388,2024-06-03,376.35
50550,1317,2024-10-27,380.48
50551,1158,2024-05-31,289.31
50552,1455,2024-08-31,393.23
50553,1146,2025-01-04,372.7
50554,1388,2024-05-16,243.57
50555,1188,2024-06-20,100.16
50556,1167,2024-09-27,143.89
50557,1336,2024-02-24,184.16
50558,1192,2024-03-07,154.05
50559,1073,2024-02-20,315.72
50560,1382,2024-08-13,49.0
50561,1130,2024-08-31,249.32
50562,1442,2024-09-17,408.22
50563,1317,2024-11-28,287.78
50564,1425,2024-04-12,352.19
50565,1334,2024-02-27,464.18
50566,1034,2024-03-06,486.66
50567,1383,2024-06-11,291.39
50568,1365,2025-01-08,406.83
50569,1138,2024-10-05,207.78
50570,1085,2024-06-21,326.38
50571,1356,2024-04-23,93.23
50572,1243,2024-08-04,60.39
50573,1432,2024-08-24,292.54
50574,1221,2024-10-09,231.84
50575,1050,2024-12-22,266.15
50576,1495,2024-02-05,27.41
50577,1227,2024-10-28,352.36
50578,1293,2024-09-06,157.28
50579,1304,2024-07-09,218.79
50580,1447,2024-08-01,478.83
50581,1218,2024-08-25,76.58
50582,1392,2024-04-30,301.59
50583,1239,2024-05-01,290.64
50584,1407,2024-05-26,300.07
50585,1174,2024-10-30,20.45
50586,1390,2024-10-12,46.11
50587,1326,2024-12-13,364.09
50588,1151,2024-11-29,293.03
50589,1496,2024-05-19,178.08
50590,1440,2024-10-21,201.47
50591,1128,2024-07-26,189.02
50592,1152,2024-07-20,31.99
50593,1096,2024-05-28,337.5
50594,1305,2024-07-15,45.33
50595,1104,2024-08-12,463.12
50596,1471,2024-04-22,393.02
50597,1397,2024-06-18,469.18
50598,1339,2024-04-05,301.03
50599,1155,2024-12-09,420.33
50600,1481,2024-10-11,437.29
50601,1052,2024-09-10,314.98
50602,1011,2024-08-26,356.78
50603,1151,2024-12-02,24.21
50604,1440,2024-10-24,407.96
50605,1211,2024-10-06,26.68
50606,1286,2024-02-04,313.12
50607,1400,2024-12-10,341.08
50608,1290,2024-08-19,298.95
50609,1179,2024-06-14,52.15
50610,1210,2024-07-11,354.43
50611,1068,2024-09-06,97.03
50612,1420,2024-08-23,307.79
50613,1339,2024-04-11,310.57
50614,1254,2024-11-01,447.92
50615,1408,2024-12-09,145.5
50616,1356,2024-07-19,293.03
50617,1052,2024-07-26,256.54
50618,1024,2024-07-27,142.89
50619,1440,2024-08-02,61.73
50620,1222,2024-10-30,78.78
50621,1201,2024-10-02,298.74
50622,1455,2024-10-01,239.55
50623,1322,2024-07-12,160.84
50624,1004,2024-11-06,153.62
50625,1383,2024-04-29,180.42
50626,1194,2024-03-21,103.2
50627,1272,2024-09-07,298.35
50628,1230,2024-05-31,181.05
50629,1068,2024-10-04,499.07
50630,1473,2025-01-15,130.33
50631,1385,2024-10-06,367.15
50632,1329,2024-10-10,347.08
50633,1072,2024-08-05,364.51
50634,1416,2024-07-23,97.9
50635,1129,2024-01-27,156.57
50636,1417,2024-10-11,359.19
50637,1131,2024-03-06,416.3
50638,1201,2024-08-01,54.12
50639,1108,2024-09-13,485.97
50640,1333,2024-03-18,55.28
50641,1005,2024-09-12,291.03
50642,1425,2024-06-21,285.61
50643,1221,2024-08-20,96.42
50644,1016,2024-10-18,215.11
50645,1068,2024-10-07,343.72
50646,1366,2024-12-11,210.86
50647,1118,2024-11-21,353.19
50648,1263,2024-12-24,265.98
50649,1209,2024-10-26,386.28
50650,1347,2024-03-16,63.9
50651,1343,2024-07-31,358.41
50652,1285,2024-05-29,287.45
50653,1106,2024-05-24,141.56
50654,1160,2024-04-23,415.3
50655,1481,2024-10-13,434.85
50656,1103,2024-07-16,418.84
50657,1495,2024-02-12,378.81
50658,1426,2024-05-19,113.9
50659,1166,2024-06-10,209.8
50660,1428,2024-07-25,448.74
50661,1137,2024-10-30,326.36
50662,1415,2024-12-17,192.54
50663,1077,2024-03-30,355.87
50664,1141,2024-03-20,89.26
50665,1459,2024-07-29,157.18
50666,1118,2024-10-25,157.16
50667,1022,2024-08-25,289.97
50668,1428,2024-09-12,450.1
50669,1067,2024-07-19,239.76
50670,1027,2025-01-07,452.08
50671,1273,2024-04-26,105.85
50672,1448,2024-11-06,479.91
50673,1369,2024-07-13,236.48
50674,1229,2024-06-21,462.37
50675,1413,2024-08-03,130.45
50676,1127,2024-02-08,428.72
50677,1337,2024-02-01,98.32
50678,1359,2024-12-23,456.73
50679,1372,2024-03-27,272.91
50680,1059,2024-06-06,286.67
50681,1170,2024-03-19,431.43
50682,1040,2024-05-16,457.21
50683,1166,2024-05-19,49.32
50684,1303,2024-04-16,486.63
50685,1014,2024-10-19,114.86
50686,1203,2024-09-20,348.82
50687,1167,2024-12-18,302.44
50688,1204,2024-03-23,258.9
50689,1332,2024-12-01,275.59
50690,1459,2024-07-19,320.31
50691,1376,2024-03-22,295.55
50692,1348,2024-08-27,24.69
50693,1377,2024-04-14,211.21
50694,1076,2024-05-04,29.07
50695,1415,2024-10-19,252.03
50696,1230,2024-08-16,390.37
50697,1006,2024-03-04,467.19
50698,1416,2024-08-26,436.03
50699,1064,2024-06-03,198.57
50700,1330,2024-05-02,438.31
50701,1361,2024-06-28,314.27
50702,1454,2024-08-05,401.29
50703,1024,2024-08-28,419.22
50704,1461,2024-03-30,391.57
50705,1184,2024-10-23,86.94
50706,1007,2024-07-06,497.41
50707,1065,2024-01-25,464.29
50708,1453,2024-03-23,454.58
50709,1044,2024-12-19,109.44
50710,1357,2024-04-19,354.81
50711,1084,2024-03-28,91.65
50712,1154,2024-08-11,415.39
50713,1174,2024-11-15,213.44
50714,1254,2024-09-25,492.25
50715,1265,2025-01-14,131.0
50716,1337,2024-01-17,298.96
50717,1122,2024-11-07,160.77
50718,1092,2024-03-01,57.18
50719,1378,2024-10-17,110.57
50720,1053,2024-02-26,185.66
50721,1025,2024-10-04,254.54
50722,1144,2024-11-06,28.77
50723,1364,2024-11-27,397.68
50724,1432,2024-08-07,187.93
50725,1202,2024-10-30,468.63
50726,1221,2024-09-27,210.65
50727,1383,2024-05-20,253.69
50728,1160,2024-04-14,345.38
50729,1166,2024-05-25,407.33
50730,1497,2024-03-25,442.09
50731,1371,2024-04-17,345.28
50732,1310,2024-06-05,365.69
50733,1446,2025-01-29,478.1
50734,1087,2024-09-16,372.5
50735,1214,2024-05-03,250.5
50736,1254,2024-10-22,20.51
50737,1105,2024-04-01,423.33
50738,1084,2024-04-12,225.54
50739,1294,2024-07-18,191.63
50740,1039,2024-05-11,232.9
50741,1476,2024-06-08,372.43
50742,1147,2024-04-22,39.03
50743,1242,2024-11-24,468.8
50744,1067,2024-07-19,393.05
50745,1283,2024-06-22,303.24
50746,1267,2024-11-07,311.29
50747,1081,2024-09-29,290.52
50748,1095,2024-05-17,98.02
50749,1472,2024-03-24,38.36
50750,1214,2024-02-27,341.64
50751,1290,2024-06-03,40.2
50752,1205,2024-07-17,32.6
50753,1258,2024-03-10,373.36
50754,1251,2024-11-30,43.67
50755,1068,2024-10-26,376.9
50756,1091,2024-11-06,245.33
50757,1388,2024-06-20,460.67
50758,1175,2024-03-13,459.95
50759,1498,2024-05-21,243.87
50760,1215,2024-12-20,447.56
50761,1369,2024-07-10,273.29
50762,1001,2024-09-13,71.6
50763,1023,2024-04-04,372.78
50764,1079,2024-04-06,445.59
50765,1393,2024-10-18,172.31
50766,1106,2024-07-22,203.13
50767,1468,2024-09-08,335.7
50768,1243,2024-06-27,222.3
50769,1110,2024-09-26,152.83
50770,1426,2024-07-15,351.9
50771,1252,2024-06-04,273.96
50772,1098,2024-07-13,312.8
50773,1338,2024-07-27,355.16
50774,1256,2024-06-02,445.58
50775,1202,2024-12-12,311.16
50776,1419,2024-09-03,227.97
50777,1387,2024-05-06,438.66
50778,1151,2025-01-03,189.06
50779,1188,2024-04-30,247.7
50780,1369,2024-09-15,492.57
50781,1037,2024-06-06,155.39
50782,1460,2024-09-22,405.48
50783,1458,2024-05-02,112.39
50784,1417,2024-09-17,379.7
50785,1003,2024-11-14,50.82
50786,1013,2024-11-06,383.34
50787,1497,2024-05-10,246.19
50788,1082,2024-07-29,412.63
50789,1280,2024-05-04,229.5
50790,1465,2024-07-20,203.19
50791,1190,2024-06-05,295.09
50792,1073,2024-02-19,247.62
50793,1086,2024-01-17,60.48
50794,1088,2024-10-09,218.04
50795,1362,2024-03-26,277.65
50796,1382,2024-07-14,162.36
50797,1301,2024-06-03,56.14
50798,1392,2024-06-03,441.64
50799,1216,2024-04-02,495.45
50800,1481,2024-10-01,108.6
50801,1017,2024-08-07,494.15
50802,1346,2024-09-12,127.44
50803,1497,2024-04-28,214.13
50804,1052,2024-09-05,344.64
50805,1476,2024-08-21,275.88
50806,1269,2024-07-23,318.61
50807,1137,2024-11-20,70.56
50808,1136,2024-05-26,243.42
50809,1407,2024-05-31,63.81
50810,1219,2024-07-10,318.67
50811,1439,2024-03-14,445.36
50812,1258,2024-03-27,174.7
50813,1445,2024-02-27,363.82
50814,1285,2024-06-02,357.5
50815,1223,2024-10-19,412.47
50816,1477,2024-04-07,340.3
50817,1216,2024-01-21,255.48
50818,1213,2024-07-27,50.64
50819,1464,2024-11-02,176.59
50820,1033,2024-11-06,317.33
50821,1347,2024-02-23,155.58
50822,1126,2024-05-23,100.74
50823,1104,2024-07-08,46.01
50824,1459,2024-07-09,51.9
50825,1239,2024-05-16,123.41
50826,1443,2024-12-25,290.16
50827,1203,2024-08-16,142.75
50828,1371,2024-03-29,161.19
50829,1077,2024-02-28,389.29
50830,1089,2024-04-11,134.85
50831,1490,2024-10-09,292.84
50832,1102,2024-10-14,227.15
50833,1139,2024-12-26,299.54
50834,1108,2024-11-22,454.91
50835,1222,2024-10-03,476.4
50836,1268,2024-10-05,443.45
50837,1173,2024-02-11,152.37
50838,1437,2024-11-19,55.99
50839,1059,2024-04-14,26.17
50840,1057,2024-04-30,365.63
50841,1390,2024-10-04,374.57
50842,1030,2024-10-21,397.04
50843,1064,2024-06-22,337.05
50844,1346,2024-08-13,41.25
50845,1071,2024-04-23,291.13
50846,1156,2024-11-11,198.77
50847,1240,2024-07-29,396.87
50848,1163,2024-06-25,123.26
50849,1240,2024-08-26,438.75
50850,1210,2024-08-30,26.29
50851,1077,2024-03-12,166.82
50852,1036,2024-11-15,195.13
50853,1361,2024-04-03,42.58
50854,1407,2024-07-07,125.46
50855,1349,2024-07-24,325.57
50856,1349,2024-08-21,444.03
50857,1227,2024-11-06,95.98
50858,1373,2024-05-13,240.21
50859,1495,2024-02-04,457.69
50860,1484,2024-12-10,195.2
50861,1250,2024-04-05,468.41
50862,1219,2024-07-14,325.16
50863,1308,2024-08-07,61.55
50864,1311,2024-09-20,300.55
50865,1207,2024-03-22,422.51
50866,1233,2024-02-15,392.77
50867,1255,2024-03-26,421.52
50868,1105,2024-04-05,470.33
50869,1486,2024-09-12,288.36
50870,1020,2024-07-13,392.73
50871,1135,2024-07-26,394.79
50872,1002,2024-06-06,311.89
50873,1190,2024-06-29,285.32
50874,1184,2024-10-20,38.39
50875,1175,2024-04-13,201.27
50876,1323,2024-06-06,382.96
50877,1253,2024-10-28,229.98
50878,1447,2024-08-14,138.53
50879,1266,2024-04-17,111.79
50880,1130,2024-09-24,242.51
50881,1221,2024-10-11,478.47
50882,1268,2024-12-06,245.3
50883,1150,2024-04-19,447.5
50884,1442,2024-11-21,363.64
50885,1112,2024-08-01,383.59
50886,1177,2024-07-06,30.4
50887,1040,2024-04-23,334.27
50888,1123,2024-08-09,382.28
50889,1064,2024-05-13,239.55
50890,1015,2024-09-13,231.69
50891,1227,2024-11-06,463.65
50892,1461,2024-05-01,201.95
50893,1146,2024-11-06,336.32
50894,1051,2024-03-27,347.34
50895,1378,2024-10-09,427.56
50896,1170,2024-04-04,464.91
50897,1049,2024-09-25,485.54
50898,1017,2024-08-02,423.42
50899,1124,2024-08-04,195.38
50900,1350,2024-07-14,63.82
50901,1385,2024-11-15,493.07
50902,1249,2024-12-21,490.73
50903,1478,2024-08-23,210.6
50904,1217,2024-10-06,165.32
50905,1226,2024-05-01,148.17
50906,1063,2024-03-16,291.1
50907,1173,2024-02-07,124.14
50908,1069,2024-07-05,409.69
50909,1099,2024-09-25,494.4
50910,1007,2024-06-11,128.71
50911,1241,2024-10-16,473.98
50912,1335,2024-08-14,471.33
50913,1414,2024-10-24,191.25
50914,1408,2024-12-04,405.99
50915,1270,2024-10-14,284.14
50916,1435,2024-08-22,449.74
50917,1390,2024-09-24,283.95
50918,1372,2024-02-22,55.02
50919,1183,2024-08-26,221.6
50920,1476,2024-08-22,377.06
50921,1425,2024-05-28,242.45
50922,1150,2024-03-17,325.49
50923,1096,2024-05-05,99.38
50924,1387,2024-03-06,145.09
50925,1376,2024-03-17,415.8
50926,1089,2024-04-09,422.8
50927,1438,2024-04-15,319.38
50928,1162,2024-07-27,433.95
50929,1198,2025-01-01,328.57
50930,1242,2024-12-10,365.06
50931,1180,2024-11-05,143.26
50932,1469,2024-05-12,356.06
50933,1231,2024-04-24,254.81
50934,1142,2024-05-03,45.75
50935,1257,2025-01-04,345.07
50936,1303,2024-05-08,222.28
50937,1204,2024-04-03,367.32
50938,1496,2024-03-25,431.82
50939,1003,2024-12-25,491.12
50940,1163,2024-06-07,325.54
50941,1097,2024-09-19,333.96
50942,1206,2024-06-12,279.8
50943,1024,2024-06-03,458.9
50944,1004,2024-09-09,170.5
50945,1474,2024-06-16,28.55
50946,1430,2024-05-27,392.87
50947,1270,2024-09-20,494.77
50948,1429,2024-03-21,378.21
50949,1219,2024-09-03,386.28
50950,1418,2024-03-08,152.13
50951,1421,2024-05-07,497.95
50952,1350,2024-04-24,433.6
50953,1016,2024-12-11,275.26
50954,1101,2024-05-15,52.51
50955,1170,2024-05-16,45.58
50956,1327,2024-07-31,472.17
50957,1229,2024-07-31,266.74
50958,1022,2024-09-26,96.4
50959,1061,2024-12-13,263.25
50960,1082,2024-08-02,102.36
50961,1053,2024-05-13,138.66
50962,1340,2024-08-30,241.38
50963,1168,2024-09-03,59.12
50964,1290,2024-08-25,368.95
50965,1035,2024-02-11,441.15
50966,1443,2024-12-16,221.27
50967,1213,2024-06-15,118.83
50968,1418,2024-04-14,313.77
50969,1338,2024-08-09,358.42
50970,1317,2024-12-04,265.41
50971,1105,2024-03-22,428.01
50972,1238,2024-03-31,171.59
50973,1173,2024-03-10,319.53
50974,1120,2024-07-19,416.44
50975,1070,2024-06-17,57.66
50976,1072,2024-08-21,467.92
50977,1204,2024-04-29,77.05
50978,1210,2024-08-03,386.16
50979,1001,2024-12-13,364.23
50980,1290,2024-05-28,289.93
50981,1293,2024-10-26,29.29
50982,1292,2024-03-04,233.24
50983,1334,2024-04-19,252.94
50984,1442,2024-11-24,144.84
50985,1417,2024-08-16,207.79
50986,1183,2024-10-14,457.92
50987,1468,2024-09-17,64.62
50988,1011,2024-10-03,311.44
50989,1444,2024-04-20,424.66
50990,1241,2024-11-22,291.64
50991,1058,2024-06-28,393.03
50992,1396,2025-01-02,181.99
50993,1095,2024-06-13,356.8
50994,1091,2024-12-24,156.97
50995,1199,2024-05-24,499.18
50996,1170,2024-03-15,38.0
50997,1143,2024-04-13,190.97
50998,1441,2024-10-12,489.61
50999,1486,2024-08-24,22.41
51000,1382,2024-06-23,120.32
51001,1137,2024-10-12,200.08
51002,1005,2024-08-11,126.51
51003,1061,2024-11-28,100.4
51004,1305,2024-09-05,262.45
51005,1108,2024-09-07,285.3
51006,1489,2024-10-10,57.62
51007,1099,2024-09-05,99.88
51008,1070,2024-05-13,144.45
51009,1048,2024-09-14,314.28
51010,1053,2024-03-05,463.41
51011,1433,2024-05-01,279.78
51012,1495,2024-01-16,438.59
51013,1027,2024-11-02,63.36
51014,1482,2024-11-18,409.18
51015,1032,2024-03-14,466.01
51016,1438,2024-03-25,184.8
51017,1001,2024-09-21,337.72
51018,1342,2024-06-15,330.06
51019,1129,2024-03-11,283.66
51020,1264,2024-11-06,401.51
51021,1356,2024-07-11,86.39
51022,1489,2024-09-21,438.43
51023,1034,2024-03-18,251.51
51024,1277,2024-11-09,490.57
51025,1085,2024-07-29,230.3
51026,1137,2024-10-24,420.12
51027,1317,2024-11-08,378.71
51028,1440,2024-08-09,209.13
51029,1100,2024-07-12,299.48
51030,1359,2024-09-30,101.1
51031,1024,2024-06-19,63.19
51032,1205,2024-07-13,257.41
51033,1398,2024-04-25,272.42
51034,1305,2024-08-28,298.29
51035,1051,2024-06-01,198.56
51036,1327,2024-10-17,489.69
51037,1391,2024-08-31,377.7
51038,1103,2024-06-06,364.93
51039,1352,2024-08-29,462.19
51040,1486,2024-09-24,331.5
51041,1174,2024-11-28,214.97
51042,1035,2024-04-22,461.05
51043,1163,2024-05-21,277.06
51044,1468,2024-07-07,242.68
51045,1087,2024-10-03,364.99
51046,1423,2024-04-04,69.53
51047,1200,2024-08-22,451.45
51048,1460,2024-10-14,380.26
51049,1059,2024-04-12,321.42
51050,1315,2024-06-02,144.37
51051,1001,2024-10-19,330.9
51052,1046,2024-08-23,171.84
51053,1350,2024-07-14,434.67
51054,1091,2024-10-20,275.13
51055,1135,2024-09-20,294.75
51056,1337,2024-01-15,86.98
51057,1446,2024-12-06,365.5
51058,1110,2024-09-27,272.42
51059,1122,2024-09-29,441.52
51060,1241,2024-10-31,85.63
51061,1029,2024-09-16,182.57
51062,1415,2024-09-27,498.94
51063,1393,2024-10-14,244.89
51064,1271,2024-09-21,369.32
51065,1105,2024-06-09,292.05
51066,1239,2024-04-14,40.72
51067,1239,2024-04-01,373.3
51068,1309,2024-07-19,105.7
51069,1148,2024-04-05,154.29
51070,1136,2024-06-29,342.2
51071,1395,2024-04-10,71.41
51072,1052,2024-09-15,310.39
51073,1199,2024-05-03,247.98
51074,1245,2024-04-23,139.3
51075,1260,2024-08-19,204.3
51076,1038,2024-08-23,394.32
51077,1174,2024-09-29,60.04
51078,1166,2024-03-14,183.74
51079,1018,2024-07-27,426.7
51080,1170,2024-04-13,278.68
51081,1121,2024-09-30,246.79
51082,1133,2024-05-22,232.32
51083,1433,2024-04-22,425.55
51084,1097,2024-09-13,176.95
51085,1489,2024-09-25,323.17
51086,1237,2024-08-27,318.31
51087,1002,2024-05-02,340.85
51088,1335,2024-06-20,358.58
51089,1377,2024-03-08,485.56
51090,1360,2024-04-18,457.95
51091,1199,2024-06-03,445.86
51092,1361,2024-06-06,445.63
51093,1309,2024-07-15,146.21
51094,1007,2024-07-25,309.65
51095,1357,2024-02-10,469.45
51096,1204,2024-03-20,90.78
51097,1313,2024-11-21,238.4
51098,1455,2024-09-09,409.44
51099,1266,2024-04-22,499.31
51100,1085,2024-06-02,283.62
51101,1092,2024-04-14,330.98
51102,1169,2024-07-11,488.89
51103,1497,2024-05-07,454.04
51104,1141,2024-04-26,458.12
51105,1350,2024-06-18,149.4
51106,1148,2024-04-07,336.78
51107,1080,2024-05-08,55.53
51108,1114,2024-05-31,41.54
51109,1495,2024-02-23,56.82
51110,1474,2024-05-22,302.52
51111,1195,2024-12-09,219.84
51112,1052,2024-08-18,44.8
51113,1223,2024-12-20,107.41
51114,1264,2024-11-02,81.02
51115,1188,2024-06-20,413.49
51116,1249,2024-12-23,367.97
51117,1271,2024-08-23,94.09
51118,1091,2024-10-16,23.74
51119,1034,2024-02-17,363.32
51120,1085,2024-06-10,218.85
51121,1465,2024-07-16,36.39
51122,1313,2024-10-12,158.35
51123,1044,2024-11-16,477.56
51124,1097,2024-07-29,195.81
51125,1057,2024-03-11,430.21
51126,1458,2024-03-26,119.39
51127,1312,2024-08-10,403.55
51128,1133,2024-07-01,54.89
51129,1036,2024-11-21,308.03
51130,1340,2024-10-02,328.19
51131,1305,2024-09-07,417.29
51132,1037,2024-05-10,414.23
51133,1313,2024-11-14,34.75
51134,1083,2024-03-27,438.99
51135,1195,2024-11-04,93.12
51136,1378,2024-09-14,305.51
51137,1484,2024-12-14,39.46
51138,1318,2024-05-24,334.04
51139,1170,2024-02-26,168.25
51140,1324,2024-11-09,425.22
51141,1177,2024-08-25,232.87
51142,1435,2024-06-29,90.67
51143,1459,2024-06-22,308.56
51144,1474,2024-06-14,170.62
51145,1027,2025-01-06,173.96
51146,1400,2024-12-04,322.88
51147,1359,2024-11-15,96.66
51148,1283,2024-04-12,153.07
51149,1276,2024-05-25,51.21
51150,1370,2024-05-05,78.3
51151,1278,2024-04-29,57.62
51152,1242,2024-10-29,288.62
51153,1471,2024-03-20,58.95
51154,1459,2024-08-02,428.96
51155,1237,2024-11-16,216.01
51156,1195,2024-10-04,169.92
51157,1356,2024-06-14,99.45
51158,1424,2024-08-18,370.34
51159,1205,2024-08-22,122.49
51160,1344,2024-07-29,442.85
51161,1435,2024-07-24,315.62
51162,1174,2024-09-16,171.22
51163,1258,2024-04-16,374.79
51164,1124,2024-06-27,204.52
51165,1020,2024-05-04,457.31
51166,1062,2024-03-13,171.16
51167,1314,2024-12-28,326.93
51168,1030,2024-11-09,428.8
51169,1148,2024-05-19,21.4
51170,1246,2024-02-12,174.19
51171,1293,2024-09-07,488.76
51172,1088,2024-10-23,365.96
51173,1305,2024-06-28,142.85
51174,1018,2024-08-27,227.14
51175,1347,2024-05-03,276.3
51176,1482,2024-11-08,265.56
51177,1026,2024-11-08,311.74
51178,1233,2024-03-01,491.76
51179,1366,2024-12-13,77.45
51180,1241,2025-01-01,195.61
51181,1187,2024-08-18,128.52
51182,1248,2024-06-25,230.85
51183,1450,2024-12-09,153.13
51184,1075,2024-10-15,315.02
51185,1468,2024-09-11,156.23
51186,1448,2024-08-28,393.57
51187,1182,2024-07-03,246.13
51188,1269,2024-09-09,220.01
51189,1265,2024-12-31,482.64
51190,1167,2024-10-15,137.86
51191,1253,2024-11-26,95.54
51192,1296,2024-11-04,367.53
51193,1201,2024-07-26,466.74
51194,1499,2024-04-04,146.6
51195,1209,2024-10-29,310.45
51196,1317,2024-09-17,346.94
51197,1057,2024-03-26,199.68
51198,1141,2024-03-03,186.14
51199,1267,2024-12-12,261.51
51200,1115,2024-11-19,269.93
51201,1222,2024-10-09,173.47
51202,1301,2024-05-22,331.84
51203,1012,2024-02-10,435.98
51204,1223,2024-11-02,391.01
51205,1235,2024-10-03,316.31
51206,1371,2024-05-04,187.64
51207,1305,2024-07-11,453.64
51208,1295,2024-09-16,122.83
51209,1232,2024-05-17,289.59
51210,1239,2024-04-06,272.6
51211,1103,2024-05-06,230.04
51212,1081,2024-08-22,59.25
51213,1081,2024-09-23,342.18
51214,1169,2024-07-08,43.81
51215,1195,2024-09-18,64.2
51216,1168,2024-10-01,130.74
51217,1480,2024-04-18,136.56
51218,1282,2024-05-08,182.59
51219,1157,2024-05-30,30.12
51220,1361,2024-06-09,338.23
51221,1058,2024-08-16,99.95
51222,1365,2024-11-07,343.15
51223,1199,2024-06-11,182.23
51224,1320,2024-09-07,111.31
51225,1468,2024-07-24,270.76
51226,1228,2024-12-03,202.48
51227,1375,2024-11-24,397.11
51228,1088,2024-11-18,368.75
51229,1111,2024-05-29,273.63
51230,1086,2024-03-18,251.57
51231,1283,2024-05-19,198.97
51232,1367,2024-07-28,49.09
51233,1022,2024-11-18,293.41
51234,1078,2024-10-21,72.57
51235,1098,2024-07-26,498.86
51236,1166,2024-04-06,482.45
51237,1251,2024-10-26,336.51
51238,1099,2024-09-29,260.5
51239,1380,2024-03-31,79.75
51240,1325,2024-06-06,345.78
51241,1037,2024-05-01,133.99
51242,1200,2024-08-26,317.25
51243,1185,2024-03-18,180.39
51244,1295,2024-12-13,124.97
51245,1084,2024-01-29,196.84
51246,1323,2024-04-19,361.02
51247,1386,2024-10-28,30.56
51248,1175,2024-04-25,400.91
51249,1327,2024-07-14,493.37
51250,1239,2024-05-17,457.58
51251,1233,2024-02-14,292.52
51252,1481,2024-12-05,70.05
51253,1103,2024-05-07,135.65
51254,1456,2024-05-16,319.71
51255,1425,2024-03-31,130.01
51256,1242,2024-10-14,222.27
51257,1006,2024-02-23,28.62
51258,1341,2024-02-12,137.13
51259,1494,2024-08-28,233.97
51260,1330,2024-05-05,164.52
51261,1034,2024-04-09,435.36
51262,1159,2024-10-01,460.8
51263,1335,2024-08-19,111.8
51264,1340,2024-10-05,284.76
51265,1441,2024-08-01,104.41
51266,1138,2024-09-30,324.44
51267,1442,2024-11-11,136.82
51268,1099,2024-10-08,247.91
51269,1015,2024-07-19,295.68
51270,1017,2024-07-13,282.47
51271,1029,2024-09-18,313.24
51272,1139,2024-10-19,122.74
51273,1210,2024-10-07,75.25
51274,1141,2024-04-08,449.32
51275,1004,2024-10-31,473.81
51276,1001,2024-12-09,460.09
51277,1076,2024-07-18,298.92
51278,1041,2024-06-20,192.2
51279,1214,2024-02-08,91.13
51280,1246,2024-03-04,425.46
51281,1312,2024-06-11,23.26
51282,1186,2024-10-09,71.17
51283,1258,2024-04-30,217.37
51284,1468,2024-07-04,136.71
51285,1320,2024-07-26,345.83
51286,1406,2024-10-15,198.93
51287,1113,2024-07-06,264.68
51288,1483,2024-01-22,89.69
51289,1481,2024-10-21,352.72
51290,1466,2024-08-18,438.9
51291,1228,2024-12-06,41.15
51292,1254,2024-12-13,250.1
51293,1462,2024-06-22,399.52
51294,1451,2024-08-08,145.62
51295,1357,2024-04-18,485.4
51296,1473,2024-12-05,319.44
51297,1007,2024-06-12,100.96
51298,1288,2024-02-17,469.5
51299,1478,2024-08-05,98.78
51300,1286,2024-04-13,157.04
51301,1113,2024-06-07,231.52
51302,1251,2024-09-23,103.36
51303,1056,2024-09-21,316.93
51304,1263,2024-12-06,210.12
51305,1058,2024-07-03,154.23
51306,1428,2024-08-04,433.55
51307,1451,2024-08-25,52.71
51308,1410,2024-04-27,203.07
51309,1088,2024-11-25,66.88
51310,1369,2024-08-14,198.71
51311,1005,2024-07-31,60.75
51312,1403,2024-09-06,244.83
51313,1164,2024-12-22,178.95
51314,1461,2024-03-31,402.87
51315,1497,2024-03-25,415.07
51316,1246,2024-04-09,261.12
51317,1246,2024-02-27,70.78
51318,1169,2024-06-22,164.53
51319,1422,2024-09-17,466.56
51320,1357,2024-04-21,183.74
51321,1066,2024-09-10,299.0
51322,1224,2024-09-24,250.2
51323,1357,2024-02-29,164.83
51324,1116,2024-04-04,469.94
51325,1086,2024-04-07,368.29
51326,1249,2025-01-30,324.67
51327,1092,2024-02-18,420.33
51328,1040,2024-05-15,25.3
51329,1403,2024-09-21,161.91
51330,1370,2024-05-07,476.7
51331,1494,2024-07-24,25.58
51332,1448,2024-10-14,386.95
51333,1338,2024-06-09,352.03
51334,1209,2024-11-02,303.5
51335,1309,2024-08-30,199.44
51336,1066,2024-10-07,255.26
51337,1087,2024-10-12,76.8
51338,1474,2024-07-07,413.96
51339,1218,2024-06-16,463.8
51340,1148,2024-04-10,112.9
51341,1008,2024-04-13,244.41
51342,1389,2024-02-12,245.39
51343,1051,2024-03-08,420.7
51344,1414,2024-10-03,354.24
51345,1385,2024-11-18,318.88
51346,1146,2024-12-04,328.51
51347,1427,2024-04-13,188.05
51348,1266,2024-03-14,60.33
51349,1489,2024-11-28,158.54
51350,1294,2024-08-03,100.33
51351,1263,2024-10-02,363.31
51352,1204,2024-02-14,471.74
51353,1205,2024-07-26,498.4
51354,1457,2024-05-11,180.85
51355,1493,2024-07-06,55.08
51356,1358,2024-03-30,211.46
51357,1038,2024-08-11,478.9
51358,1460,2024-11-01,221.51
51359,1311,2024-07-27,209.98
51360,1125,2024-12-26,209.43
51361,1160,2024-06-07,99.92
51362,1107,2024-02-18,43.9
51363,1426,2024-06-30,179.07
51364,1485,2024-07-18,107.23
51365,1273,2024-06-12,294.54
51366,1122,2024-09-25,421.21
51367,1056,2024-12-01,141.7
51368,1139,2024-11-26,189.77
51369,1477,2024-03-06,181.78
51370,1350,2024-05-24,266.73
51371,1376,2024-04-16,162.14
51372,1411,2024-07-22,106.84
51373,1364,2024-12-09,20.05
51374,1033,2024-12-13,85.24
51375,1398,2024-03-27,293.4
51376,1281,2024-04-03,316.91
51377,1125,2024-12-16,444.6
51378,1403,2024-10-15,112.61
51379,1195,2024-11-23,66.98
51380,1159,2024-10-30,145.14
51381,1470,2024-10-17,46.8
51382,1216,2024-01-18,439.24
51383,1409,2024-09-06,125.38
51384,1500,2024-07-25,306.3
51385,1228,2024-12-01,368.55
51386,1078,2025-01-13,85.6
51387,1466,2024-08-20,268.31
51388,1041,2024-06-01,271.4
51389,1498,2024-07-24,155.22
51390,1177,2024-09-03,82.71
51391,1322,2024-06-25,436.31
51392,1191,2024-06-25,415.53
51393,1140,2024-12-06,223.13
51394,1128,2024-06-27,433.36
51395,1025,2024-11-09,220.31
51396,1453,2024-02-10,53.95
51397,1430,2024-03-31,253.63
51398,1183,2024-09-07,185.89
51399,1174,2024-11-25,153.15
51400,1084,2024-03-07,478.58
51401,1444,2024-05-11,436.89
51402,1020,2024-04-23,356.05
51403,1260,2024-09-07,415.3
51404,1380,2024-02-09,158.66
51405,1157,2024-05-29,475.42
51406,1378,2024-12-09,315.78
51407,1496,2024-05-08,256.63
51408,1238,2024-04-09,496.12
51409,1372,2024-02-18,468.73
51410,1110,2024-08-22,185.65
51411,1267,2024-11-14,135.81
51412,1262,2024-08-10,360.36
51413,1470,2024-09-09,102.46
51414,1102,2024-10-27,483.43
51415,1346,2024-06-16,64.21
51416,1425,2024-04-30,168.15
51417,1282,2024-04-07,349.84
51418,1492,2024-09-18,120.99
51419,1193,2024-09-08,263.89
51420,1013,2024-11-06,460.31
51421,1149,2024-09-03,73.34
51422,1316,2024-03-28,95.89
51423,1296,2024-10-18,311.07
51424,1492,2024-10-15,349.16
51425,1035,2024-02-15,244.81
51426,1488,2024-05-10,233.32
51427,1494,2024-07-24,50.32
51428,1255,2024-03-20,483.17
51429,1423,2024-06-03,357.66
51430,1387,2024-04-01,374.96
51431,1343,2024-08-23,228.05
51432,1148,2024-04-20,268.0
51433,1309,2024-10-14,476.92
51434,1406,2024-11-11,334.36
51435,1470,2024-08-14,362.39
51436,1051,2024-03-09,92.71
51437,1093,2024-11-28,481.32
51438,1308,2024-06-03,20.0
51439,1446,2025-01-14,419.58
51440,1121,2024-10-25,382.86
51441,1424,2024-07-13,208.62
51442,1247,2024-01-18,217.44
51443,1292,2024-05-02,476.21
51444,1143,2024-04-30,453.27
51445,1192,2024-05-14,151.77
51446,1269,2024-08-08,165.92
51447,1168,2024-11-26,227.32
51448,1214,2024-04-28,278.74
51449,1050,2024-12-04,477.76
51450,1372,2024-03-25,328.19
51451,1215,2024-11-07,459.86
51452,1392,2024-03-07,174.21
51453,1442,2024-10-18,397.44
51454,1349,2024-05-31,281.02
51455,1296,2024-10-22,228.52
51456,1317,2024-10-04,272.15
51457,1133,2024-06-16,427.92
51458,1383,2024-03-28,241.74
51459,1352,2024-09-16,250.61
51460,1321,2024-10-26,311.93
51461,1402,2024-08-29,185.94
51462,1081,2024-08-31,166.54
51463,1408,2024-12-12,466.17
51464,1163,2024-07-25,438.48
51465,1487,2024-02-08,253.25
51466,1107,2024-03-15,301.73
51467,1371,2024-06-15,405.28
51468,1268,2024-11-24,327.45
51469,1465,2024-07-27,283.62
51470,1319,2024-06-23,60.15
51471,1458,2024-04-25,265.42
51472,1473,2024-11-20,155.14
51473,1010,2024-05-24,257.26
51474,1108,2024-11-24,442.89
51475,1023,2024-03-27,212.21
51476,1296,2024-12-25,329.69
51477,1406,2024-12-04,123.98
51478,1194,2024-04-10,424.46
51479,1177,2024-07-12,124.98
51480,1115,2024-11-23,213.16
51481,1126,2024-05-04,389.69
51482,1043,2024-04-20,323.44
51483,1041,2024-05-01,352.12
51484,1283,2024-07-12,358.56
51485,1198,2025-01-27,118.77
51486,1438,2024-05-16,365.48
51487,1393,2024-09-27,499.41
51488,1447,2024-08-12,91.76
51489,1262,2024-06-24,111.06
51490,1475,2024-11-24,242.58
51491,1440,2024-09-05,462.3
51492,1463,2024-10-29,376.54
51493,1301,2024-06-12,93.66
51494,1484,2024-10-23,466.58
51495,1341,2024-03-01,398.97
51496,1019,2024-05-20,142.73
51497,1345,2024-09-27,358.43
51498,1390,2024-10-12,62.43
51499,1339,2024-03-27,458.52
51500,1203,2024-08-28,345.3
51501,1208,2024-05-23,336.02
51502,1337,2024-02-06,370.68
51503,1264,2024-12-24,364.63
51504,1079,2024-02-04,109.87
51505,1336,2024-04-18,186.91
51506,1230,2024-09-05,72.05
51507,1065,2024-01-29,379.2
51508,1423,2024-05-15,481.67
51509,1395,2024-04-30,203.05
51510,1354,2024-05-12,449.22
51511,1079,2024-01-11,235.37
51512,1074,2024-05-22,166.56
51513,1373,2024-05-04,499.61
51514,1150,2024-03-06,170.38
51515,1395,2024-03-29,393.15
51516,1408,2024-09-27,82.53
51517,1298,2024-09-02,267.19
51518,1195,2024-11-02,122.4
51519,1319,2024-04-06,279.75
51520,1142,2024-04-14,217.74
51521,1038,2024-08-10,422.44
51522,1437,2024-11-17,186.46
51523,1158,2024-05-11,363.21
51524,1140,2025-01-04,37.0
51525,1207,2024-04-22,132.97
51526,1164,2024-12-27,346.45
51527,1398,2024-06-01,67.61
51528,1429,2024-06-14,368.13
51529,1405,2024-05-21,448.47
51530,1069,2024-08-20,196.14
51531,1347,2024-02-20,176.46
51532,1096,2024-06-09,428.56
51533,1452,2024-04-27,303.85
51534,1105,2024-05-16,326.99
51535,1081,2024-09-11,252.18
51536,1135,2024-08-08,470.53
51537,1318,2024-05-14,62.07
51538,1410,2024-03-10,212.22
51539,1356,2024-05-31,437.14
51540,1227,2024-09-02,479.88
51541,1087,2024-10-23,283.41
51542,1140,2024-11-04,348.2
51543,1224,2024-07-24,132.22
51544,1359,2024-12-10,99.03
51545,1022,2024-10-07,69.59
51546,1384,2024-05-28,237.28
51547,1219,2024-06-27,367.12
51548,1164,2024-12-04,392.61
51549,1265,2024-11-13,121.55
51550,1260,2024-07-01,295.49
51551,1426,2024-07-10,76.17
51552,1042,2024-07-05,246.32
51553,1121,2024-10-01,357.69
51554,1039,2024-08-09,69.5
51555,1300,2024-05-17,180.58
51556,1056,2024-09-15,443.43
51557,1467,2024-11-21,26.76
51558,1239,2024-03-27,445.08
51559,1497,2024-04-26,232.16
51560,1499,2024-02-27,196.05
51561,1068,2024-09-13,180.57
51562,1336,2024-03-10,82.73
51563,1413,2024-05-30,446.08
51564,1302,2024-05-29,22.77
51565,1270,2024-09-03,421.28
51566,1473,2024-11-24,269.89
51567,1058,2024-07-06,32.15
51568,1438,2024-03-25,125.96
51569,1323,2024-03-24,210.85
51570,1079,2024-01-21,379.97
51571,1130,2024-08-10,434.93
51572,1106,2024-07-16,474.79
51573,1064,2024-07-18,277.95
51574,1216,2024-02-17,493.2
51575,1132,2024-07-06,45.19
51576,1209,2024-10-25,307.75
51577,1135,2024-09-03,424.44
51578,1030,2024-10-08,88.93
51579,1394,2024-07-26,321.24
51580,1101,2024-04-29,446.48
51581,1463,2024-11-08,99.15
51582,1042,2024-06-15,156.58
51583,1051,2024-03-01,406.43
51584,1118,2024-10-27,400.65
51585,1451,2024-08-10,355.25
51586,1473,2024-12-15,374.41
51587,1374,2024-05-03,342.23
51588,1032,2024-04-28,262.49
51589,1443,2024-12-06,51.77
51590,1031,2024-05-10,259.83
51591,1325,2024-07-22,37.63
51592,1071,2024-01-25,393.32
51593,1252,2024-05-01,434.92
51594,1203,2024-10-25,172.32
51595,1393,2024-11-04,400.7
51596,1154,2024-09-24,368.07
51597,1120,2024-08-24,466.63
51598,1253,2025-01-14,472.29
51599,1338,2024-08-21,120.29
51600,1198,2024-11-02,310.43
51601,1452,2024-02-28,38.1
51602,1175,2024-04-29,419.56
51603,1054,2024-05-27,96.46
51604,1106,2024-08-14,335.57
51605,1354,2024-03-25,313.36
51606,1359,2024-12-20,145.91
51607,1136,2024-06-13,287.81
51608,1067,2024-08-03,30.8
51609,1201,2024-07-17,226.57
51610,1386,2024-09-18,470.4
51611,1092,2024-03-12,58.65
51612,1074,2024-05-09,372.51
51613,1138,2024-10-30,384.37
51614,1434,2024-10-22,79.15
51615,1178,2024-05-29,293.91
51616,1204,2024-03-20,193.34
51617,1017,2024-06-25,88.45
51618,1464,2024-11-26,160.04
51619,1477,2024-03-14,178.35
51620,1159,2024-09-12,119.33
51621,1311,2024-09-08,163.7
51622,1163,2024-05-25,234.04
51623,1255,2024-02-24,449.88
51624,1009,2024-10-05,69.01
51625,1133,2024-04-26,450.79
51626,1484,2024-11-30,148.81
51627,1088,2024-12-26,143.02
51628,1173,2024-02-25,129.81
51629,1485,2024-06-16,283.59
51630,1241,2024-10-18,169.05
51631,1257,2024-10-25,252.18
51632,1072,2024-07-06,222.64
51633,1320,2024-08-31,83.51
51634,1144,2024-11-04,384.37
51635,1336,2024-03-15,76.44
51636,1456,2024-05-22,70.78
51637,1125,2024-10-04,45.54
51638,1238,2024-02-05,49.18
51639,1237,2024-09-25,436.59
51640,1147,2024-07-14,152.27
51641,1083,2024-04-16,349.83
51642,1029,2024-10-20,153.53
51643,1150,2024-04-11,142.09
51644,1451,2024-06-30,263.6
51645,1180,2024-12-02,216.21
51646,1131,2024-02-22,177.36
51647,1079,2024-03-15,227.04
51648,1300,2024-07-17,120.25
51649,1275,2024-10-10,162.03
51650,1464,2024-11-20,52.06
51651,1282,2024-05-26,166.84
51652,1309,2024-09-04,443.18
51653,1225,2024-09-30,70.19
51654,1076,2024-05-09,196.39
51655,1313,2024-11-07,307.72
51656,1005,2024-09-13,80.2
51657,1332,2024-11-07,388.33
51658,1141,2024-03-23,76.73
51659,1074,2024-04-17,151.29
51660,1219,2024-06-07,292.68
51661,1319,2024-05-19,62.98
51662,1238,2024-02-26,161.47
51663,1128,2024-07-10,212.99
51664,1256,2024-05-13,128.4
51665,1363,2024-12-25,251.95
51666,1262,2024-07-07,467.78
51667,1060,2024-12-05,366.38
51668,1400,2024-10-04,126.27
51669,1118,2024-11-18,139.1
51670,1460,2024-08-21,265.77
51671,1483,2024-02-09,308.02
51672,1336,2024-04-10,342.32
51673,1348,2024-09-30,454.46
51674,1129,2024-01-22,106.98
51675,1129,2024-02-23,479.38
51676,1055,2024-06-25,237.17
51677,1144,2024-08-28,264.29
51678,1171,2024-11-10,445.96
51679,1430,2024-04-18,411.27
51680,1052,2024-07-28,444.04
51681,1276,2024-07-08,370.31
51682,1399,2024-07-11,52.82
51683,1195,2024-09-09,379.52
51684,1248,2024-06-06,117.77
51685,1049,2024-12-21,351.97
51686,1122,2024-08-31,66.97
51687,1160,2024-05-23,185.37
51688,1268,2024-12-27,104.31
51689,1118,2024-12-15,316.82
51690,1320,2024-08-04,205.78
51691,1064,2024-04-28,369.59
51692,1228,2024-12-11,77.86
51693,1240,2024-07-09,376.47
51694,1137,2024-10-24,283.83
51695,1115,2024-12-23,220.89
51696,1316,2024-04-07,122.4
51697,1081,2024-09-14,413.02
51698,1118,2024-10-27,460.88
51699,1038,2024-07-04,247.38
51700,1316,2024-05-08,454.92
51701,1260,2024-06-27,67.41
51702,1013,2024-11-10,85.42
51703,1356,2024-04-19,254.58
51704,1093,2025-01-21,448.35
51705,1190,2024-09-10,464.8
51706,1378,2024-11-12,281.08
51707,1379,2024-07-04,376.61
51708,1250,2024-04-02,449.69
51709,1105,2024-06-22,358.6
51710,1085,2024-06-21,346.02
51711,1253,2025-02-02,268.76
51712,1382,2024-06-19,84.38
51713,1459,2024-06-23,173.66
51714,1375,2024-11-15,137.1
51715,1153,2024-12-14,311.13
51716,1241,2024-10-11,214.38
51717,1024,2024-07-28,168.05
51718,1176,2024-04-02,122.4
51719,1309,2024-07-14,314.85
51720,1355,2024-07-21,190.77
51721,1168,2024-09-14,378.28
51722,1365,2025-01-21,405.84
51723,1238,2024-03-03,145.89
51724,1476,2024-07-22,484.09
51725,1013,2025-01-07,134.15
51726,1426,2024-08-05,492.12
51727,1194,2024-04-10,57.03
51728,1120,2024-07-29,180.37
51729,1284,2024-10-31,241.09
51730,1081,2024-09-01,357.2
51731,1316,2024-04-28,402.53
51732,1499,2024-03-02,253.32
51733,1104,2024-05-22,64.84
51734,1329,2024-10-23,484.69
51735,1012,2024-04-09,438.6
51736,1032,2024-05-16,447.0
51737,1110,2024-07-15,378.57
51738,1420,2024-08-09,352.56
51739,1401,2024-04-13,160.16
51740,1348,2024-09-07,477.92
51741,1304,2024-08-24,432.21
51742,1396,2024-10-24,59.41
51743,1343,2024-06-21,228.82
51744,1010,2024-04-15,389.52
51745,1432,2024-08-13,497.88
51746,1016,2024-11-12,480.85
51747,1456,2024-06-10,270.87
51748,1120,2024-07-01,482.85
51749,1473,2024-11-18,189.11
51750,1360,2024-03-28,417.86
51751,1171,2024-11-25,137.05
51752,1161,2024-06-07,407.57
51753,1342,2024-07-24,173.41
51754,1295,2024-09-20,226.09
51755,1317,2024-11-27,365.66
51756,1004,2024-12-06,207.82
51757,1146,2024-11-14,482.78
51758,1099,2024-10-15,380.91
51759,1029,2024-10-29,40.81
51760,1144,2024-11-17,23.72
51761,1322,2024-08-07,297.74
51762,1342,2024-07-22,358.61
51763,1144,2024-09-13,191.07
51764,1333,2024-04-03,285.64
51765,1131,2024-02-22,465.86
51766,1124,2024-06-20,25.92
51767,1286,2024-04-02,132.09
51768,1225,2024-10-26,483.62
51769,1139,2024-10-26,42.97
51770,1264,2024-10-09,409.55
51771,1444,2024-04-09,97.64
51772,1380,2024-03-07,403.2
51773,1381,2024-10-27,174.38
51774,1175,2024-05-16,452.26
51775,1175,2024-03-16,232.28
51776,1087,2024-08-28,426.95
51777,1405,2024-03-07,92.86
51778,1065,2024-03-12,153.93
51779,1098,2024-05-28,378.64
51780,1471,2024-03-13,22.91
51781,1023,2024-02-18,364.37
51782,1330,2024-03-24,135.21
51783,1068,2024-10-29,392.32
51784,1296,2025-01-10,238.34
51785,1305,2024-08-04,241.73
51786,1098,2024-06-21,25.77
51787,1363,2024-11-13,159.94
51788,1454,2024-06-11,321.81
51789,1026,2024-12-25,174.84
51790,1143,2024-05-12,152.71
51791,1140,2024-10-25,125.25
51792,1389,2024-03-16,401.21
51793,1004,2024-10-22,93.01
51794,1007,2024-06-06,110.19
51795,1327,2024-10-12,497.86
51796,1109,2024-06-17,490.85
51797,1199,2024-04-27,300.68
51798,1188,2024-05-11,105.55
51799,1215,2024-11-24,220.78
51800,1128,2024-08-16,87.25
51801,1288,2024-03-19,428.28
51802,1332,2024-12-31,232.18
51803,1068,2024-09-13,139.32
51804,1023,2024-05-13,489.3
51805,1174,2024-11-18,308.39
51806,1128,2024-05-29,175.13
51807,1482,2024-10-26,346.55
51808,1113,2024-06-09,131.02
51809,1103,2024-06-10,79.1
51810,1055,2024-08-29,458.09
51811,1127,2024-02-15,190.74
51812,1066,2024-12-09,420.5
51813,1269,2024-09-07,88.84
51814,1214,2024-02-20,111.6
51815,1396,2024-10-16,37.26
51816,1478,2024-09-17,34.37
51817,1096,2024-04-08,109.02
51818,1244,2024-07-23,318.09
51819,1282,2024-05-29,427.44
51820,1112,2024-09-16,335.64
51821,1500,2024-08-21,248.3
51822,1028,2024-07-14,183.8
51823,1271,2024-10-03,447.97
51824,1275,2024-10-03,459.82
51825,1055,2024-09-06,278.94
51826,1205,2024-09-13,265.75
51827,1129,2024-04-16,384.22
51828,1303,2024-05-22,189.77
51829,1094,2024-12-14,316.12
51830,1355,2024-07-22,279.4
51831,1256,2024-04-21,149.06
51832,1374,2024-04-06,461.13
51833,1140,2025-01-14,240.54
51834,1377,2024-03-08,345.96
51835,1023,2024-02-18,475.4
51836,1040,2024-04-01,339.44
51837,1286,2024-03-30,229.98
51838,1325,2024-08-18,65.82
51839,1482,2024-11-28,194.12
51840,1081,2024-10-01,117.33
51841,1116,2024-05-06,471.59
51842,1377,2024-02-25,485.56
51843,1283,2024-05-12,37.79
51844,1113,2024-08-13,147.11
51845,1093,2025-01-28,490.18
51846,1323,2024-03-25,430.62
51847,1500,2024-08-01,389.31
51848,1096,2024-05-19,70.08
51849,1442,2024-11-29,216.92
51850,1106,2024-07-26,455.24
51851,1351,2024-01-25,151.03
51852,1369,2024-09-07,157.82
51853,1283,2024-04-17,299.83
51854,1246,2024-02-28,420.9
51855,1071,2024-03-05,164.26
51856,1497,2024-04-03,37.98
51857,1189,2024-02-07,247.1
51858,1494,2024-07-10,263.65
51859,1044,2024-10-13,248.27
51860,1049,2024-10-06,365.57
51861,1057,2024-06-03,473.62
51862,1220,2024-09-22,322.92
51863,1263,2024-11-24,410.15
51864,1011,2024-10-09,176.46
51865,1292,2024-04-18,494.98
51866,1421,2024-03-27,195.59
51867,1117,2024-05-25,125.89
51868,1453,2024-02-11,394.57
51869,1014,2024-11-23,317.48
51870,1474,2024-07-05,359.56
51871,1318,2024-04-21,210.16
51872,1155,2024-11-02,352.89
51873,1212,2024-10-18,296.49
51874,1407,2024-06-19,406.11
51875,1024,2024-06-08,31.94
51876,1153,2024-11-25,444.96
51877,1061,2024-10-03,445.82
51878,1237,2024-09-20,469.57
51879,1487,2024-04-24,222.41
51880,1226,2024-05-28,87.06
51881,1259,2024-08-13,453.64
51882,1003,2025-01-12,262.08
51883,1272,2024-10-26,407.98
51884,1061,2024-10-27,393.9
51885,1154,2024-10-02,21.04
51886,1392,2024-05-07,324.05
51887,1137,2024-10-11,427.42
51888,1081,2024-08-14,440.28
51889,1269,2024-08-29,23.49
51890,1178,2024-03-04,336.67
51891,1032,2024-04-11,63.24
51892,1265,2024-11-23,335.63
51893,1194,2024-04-25,427.08
51894,1184,2024-10-30,313.88
51895,1081,2024-07-29,308.53
51896,1164,2024-11-25,182.0
51897,1186,2024-10-17,278.08
51898,1293,2024-09-24,220.23
51899,1257,2024-12-26,35.55
51900,1338,2024-08-25,95.65
51901,1157,2024-07-07,468.45
51902,1157,2024-05-15,55.21
51903,1087,2024-08-10,58.6
51904,1323,2024-06-26,59.08
51905,1377,2024-01-15,96.2
51906,1012,2024-01-19,317.11
51907,1218,2024-07-03,81.52
51908,1172,2024-07-27,227.41
51909,1174,2024-11-05,31.6
51910,1379,2024-06-26,292.27
51911,1401,2024-07-05,26.26
51912,1484,2024-11-16,211.5
51913,1222,2024-10-21,244.41
51914,1106,2024-06-26,404.28
51915,1284,2024-11-27,445.26
51916,1336,2024-02-10,408.01
51917,1118,2024-11-07,109.71
51918,1463,2024-08-25,102.35
51919,1166,2024-05-19,459.46
51920,1304,2024-07-28,259.81
51921,1319,2024-06-14,78.05
51922,1143,2024-03-16,271.35
51923,1095,2024-05-19,412.7
51924,1090,2024-10-27,423.4
51925,1253,2024-12-08,70.66
51926,1146,2024-12-16,326.19
51927,1152,2024-07-16,78.91
51928,1307,2024-04-01,104.47
51929,1292,2024-03-16,126.26
51930,1146,2024-10-22,38.84
51931,1175,2024-03-19,144.94
51932,1247,2024-03-23,212.03
51933,1121,2024-08-25,327.33
51934,1018,2024-09-21,154.9
51935,1270,2024-10-11,266.08
51936,1198,2024-12-18,237.96
51937,1465,2024-06-15,265.42
51938,1310,2024-07-16,317.78
51939,1369,2024-09-02,240.15
51940,1240,2024-10-13,270.77
51941,1303,2024-03-25,264.25
51942,1087,2024-08-10,233.48
51943,1355,2024-07-08,369.91
51944,1149,2024-09-10,42.16
51945,1019,2024-03-20,382.12
51946,1228,2025-01-10,334.51
51947,1423,2024-04-23,424.53
51948,1487,2024-04-07,270.39
51949,1120,2024-09-03,230.65
51950,1256,2024-06-14,113.29
51951,1476,2024-06-09,76.74
51952,1122,2024-10-11,203.92
51953,1006,2024-01-29,183.21
51954,1310,2024-06-28,253.76
51955,1086,2024-01-26,302.32
51956,1268,2024-11-28,188.8
51957,1359,2024-10-17,105.82
51958,1400,2024-12-06,133.25
51959,1012,2024-01-26,408.04
51960,1077,2024-02-16,342.65
51961,1320,2024-09-05,369.27
51962,1391,2024-07-21,371.85
51963,1124,2024-08-13,75.55
51964,1376,2024-05-18,301.59
51965,1401,2024-07-01,445.98
51966,1197,2024-09-18,378.96
51967,1183,2024-09-25,396.87
51968,1285,2024-06-28,199.34
51969,1375,2024-11-17,441.18
51970,1337,2024-03-03,439.02
51971,1157,2024-04-23,314.36
51972,1007,2024-06-02,278.64
51973,1389,2024-04-15,61.79
51974,1477,2024-04-09,201.62
51975,1473,2025-01-19,159.92
51976,1480,2024-05-25,464.22
51977,1203,2024-09-04,419.93
51978,1477,2024-05-14,312.46
51979,1390,2024-08-03,496.11
51980,1490,2024-10-09,140.62
51981,1258,2024-04-14,431.33
51982,1297,2024-04-22,22.89
51983,1231,2024-05-06,433.19
51984,1437,2024-11-30,139.49
51985,1215,2024-10-24,46.0
51986,1452,2024-02-27,301.3
51987,1353,2024-07-01,56.15
51988,1320,2024-10-18,159.54
51989,1181,2024-08-01,439.34
51990,1355,2024-06-17,192.16
51991,1295,2024-11-30,118.09
51992,1478,2024-09-23,416.75
51993,1350,2024-05-15,162.01
51994,1301,2024-07-12,186.96
51995,1353,2024-07-16,228.08
51996,1399,2024-07-13,428.89
51997,1401,2024-04-29,138.95
51998,1005,2024-10-16,154.4
51999,1038,2024-07-01,190.47
52000,1497,2024-04-06,79.29
